{
  "chart": {
    "title": "Alcohol consumption per person",
    "subtitle": "Estimated consumption of alcohol is measured in liters of pure alcohol per person aged 15 or older, per year.",
    "citation": "Global Health Observatory Data Repository - World Health Organization (WHO), via World Bank (2025)",
    "originalChartUrl": "https://ourworldindata.org/grapher/total-alcohol-consumption-per-capita-litres-of-pure-alcohol?v=1&csvType=full&useColumnShortNames=false",
    "selection": [
      "Russia",
      "Belarus",
      "India",
      "Ireland",
      "United States",
      "Botswana",
      "Australia",
      "Congo",
      "Moldova",
      "Lithuania"
    ]
  },
  "columns": {
    "Total alcohol consumption per capita (liters of pure alcohol, projected estimates, 15+ years of age)": {
      "titleShort": "Total alcohol consumption per capita",
      "titleLong": "Total alcohol consumption per capita - In liters of pure alcohol, projected estimates, 15+ years of age",
      "unit": "liters of pure alcohol, projected estimates, 15+ years of age",
      "timespan": "2000-2020",
      "type": "Numeric",
      "owidVariableId": 1107290,
      "shortName": "sh_alc_pcap_li",
      "lastUpdated": "2025-09-08",
      "nextUpdate": "2026-09-08",
      "citationShort": "Global Health Observatory Data Repository - World Health Organization (WHO), via World Bank (2025) – processed by Our World in Data",
      "citationLong": "Global Health Observatory Data Repository - World Health Organization (WHO), via World Bank (2025) – processed by Our World in Data. “Total alcohol consumption per capita – In liters of pure alcohol, projected estimates, 15+ years of age” [dataset]. Global Health Observatory Data Repository - World Health Organization (WHO), via World Bank, “World Development Indicators 122” [original data].",
      "fullMetadata": "https://api.ourworldindata.org/v1/indicators/1107290.metadata.json"
    }
  },
  "dateDownloaded": "2025-12-04",
  "activeFilters": {}
}